{
  "home_page" : {
    "transaction" : "home_page",
    "sampleCount" : 176,
    "errorCount" : 0,
    "errorPct" : 0.0,
    "meanResTime" : 403.43749999999994,
    "medianResTime" : 337.0,
    "minResTime" : 329.0,
    "maxResTime" : 1060.0,
    "pct1ResTime" : 593.3,
    "pct2ResTime" : 607.15,
    "pct3ResTime" : 718.1199999999955,
    "throughput" : 6.2250203374243975,
    "receivedKBytesPerSec" : 49.7977103265483,
    "sentKBytesPerSec" : 0.6990989636755915
  },
  "Total" : {
    "transaction" : "Total",
    "sampleCount" : 176,
    "errorCount" : 0,
    "errorPct" : 0.0,
    "meanResTime" : 403.43749999999994,
    "medianResTime" : 337.0,
    "minResTime" : 329.0,
    "maxResTime" : 1060.0,
    "pct1ResTime" : 593.3,
    "pct2ResTime" : 607.15,
    "pct3ResTime" : 718.1199999999955,
    "throughput" : 6.2250203374243975,
    "receivedKBytesPerSec" : 49.7977103265483,
    "sentKBytesPerSec" : 0.6990989636755915
  }
}