{
  "home_page" : {
    "transaction" : "home_page",
    "sampleCount" : 179,
    "errorCount" : 0,
    "errorPct" : 0.0,
    "meanResTime" : 349.0223463687151,
    "medianResTime" : 306.0,
    "minResTime" : 303.0,
    "maxResTime" : 1020.0,
    "pct1ResTime" : 474.0,
    "pct2ResTime" : 477.0,
    "pct3ResTime" : 593.599999999994,
    "throughput" : 6.417610784454324,
    "receivedKBytesPerSec" : 51.336824851211816,
    "sentKBytesPerSec" : 0.7207277736447727
  },
  "Total" : {
    "transaction" : "Total",
    "sampleCount" : 179,
    "errorCount" : 0,
    "errorPct" : 0.0,
    "meanResTime" : 349.0223463687151,
    "medianResTime" : 306.0,
    "minResTime" : 303.0,
    "maxResTime" : 1020.0,
    "pct1ResTime" : 474.0,
    "pct2ResTime" : 477.0,
    "pct3ResTime" : 593.599999999994,
    "throughput" : 6.417610784454324,
    "receivedKBytesPerSec" : 51.336824851211816,
    "sentKBytesPerSec" : 0.7207277736447727
  }
}