{
  "home_page" : {
    "transaction" : "home_page",
    "sampleCount" : 166,
    "errorCount" : 0,
    "errorPct" : 0.0,
    "meanResTime" : 405.84337349397566,
    "medianResTime" : 336.0,
    "minResTime" : 327.0,
    "maxResTime" : 941.0,
    "pct1ResTime" : 594.3,
    "pct2ResTime" : 601.0,
    "pct3ResTime" : 719.9000000000042,
    "throughput" : 5.800545111468306,
    "receivedKBytesPerSec" : 46.39995888732616,
    "sentKBytesPerSec" : 0.6514284060731009
  },
  "Total" : {
    "transaction" : "Total",
    "sampleCount" : 166,
    "errorCount" : 0,
    "errorPct" : 0.0,
    "meanResTime" : 405.84337349397566,
    "medianResTime" : 336.0,
    "minResTime" : 327.0,
    "maxResTime" : 941.0,
    "pct1ResTime" : 594.3,
    "pct2ResTime" : 601.0,
    "pct3ResTime" : 719.9000000000042,
    "throughput" : 5.800545111468306,
    "receivedKBytesPerSec" : 46.39995888732616,
    "sentKBytesPerSec" : 0.6514284060731009
  }
}