{
  "home_page" : {
    "transaction" : "home_page",
    "sampleCount" : 163,
    "errorCount" : 0,
    "errorPct" : 0.0,
    "meanResTime" : 356.7177914110428,
    "medianResTime" : 307.0,
    "minResTime" : 304.0,
    "maxResTime" : 999.0,
    "pct1ResTime" : 477.6,
    "pct2ResTime" : 481.0,
    "pct3ResTime" : 680.2799999999927,
    "throughput" : 6.139590945045011,
    "receivedKBytesPerSec" : 49.11304922030962,
    "sentKBytesPerSec" : 0.6895048424611097
  },
  "Total" : {
    "transaction" : "Total",
    "sampleCount" : 163,
    "errorCount" : 0,
    "errorPct" : 0.0,
    "meanResTime" : 356.7177914110428,
    "medianResTime" : 307.0,
    "minResTime" : 304.0,
    "maxResTime" : 999.0,
    "pct1ResTime" : 477.6,
    "pct2ResTime" : 481.0,
    "pct3ResTime" : 680.2799999999927,
    "throughput" : 6.139590945045011,
    "receivedKBytesPerSec" : 49.11304922030962,
    "sentKBytesPerSec" : 0.6895048424611097
  }
}