{
  "home_page" : {
    "transaction" : "home_page",
    "sampleCount" : 159,
    "errorCount" : 0,
    "errorPct" : 0.0,
    "meanResTime" : 410.8490566037735,
    "medianResTime" : 337.0,
    "minResTime" : 329.0,
    "maxResTime" : 994.0,
    "pct1ResTime" : 591.0,
    "pct2ResTime" : 600.0,
    "pct3ResTime" : 764.8000000000022,
    "throughput" : 5.442782322938418,
    "receivedKBytesPerSec" : 43.54092142196967,
    "sentKBytesPerSec" : 0.611249967908123
  },
  "Total" : {
    "transaction" : "Total",
    "sampleCount" : 159,
    "errorCount" : 0,
    "errorPct" : 0.0,
    "meanResTime" : 410.8490566037735,
    "medianResTime" : 337.0,
    "minResTime" : 329.0,
    "maxResTime" : 994.0,
    "pct1ResTime" : 591.0,
    "pct2ResTime" : 600.0,
    "pct3ResTime" : 764.8000000000022,
    "throughput" : 5.442782322938418,
    "receivedKBytesPerSec" : 43.54092142196967,
    "sentKBytesPerSec" : 0.611249967908123
  }
}