{
  "home_page" : {
    "transaction" : "home_page",
    "sampleCount" : 171,
    "errorCount" : 0,
    "errorPct" : 0.0,
    "meanResTime" : 348.672514619883,
    "medianResTime" : 307.0,
    "minResTime" : 298.0,
    "maxResTime" : 884.0,
    "pct1ResTime" : 480.0,
    "pct2ResTime" : 486.0,
    "pct3ResTime" : 602.4800000000005,
    "throughput" : 5.836575875486381,
    "receivedKBytesPerSec" : 46.68767385999045,
    "sentKBytesPerSec" : 0.655474829766537
  },
  "Total" : {
    "transaction" : "Total",
    "sampleCount" : 171,
    "errorCount" : 0,
    "errorPct" : 0.0,
    "meanResTime" : 348.672514619883,
    "medianResTime" : 307.0,
    "minResTime" : 298.0,
    "maxResTime" : 884.0,
    "pct1ResTime" : 480.0,
    "pct2ResTime" : 486.0,
    "pct3ResTime" : 602.4800000000005,
    "throughput" : 5.836575875486381,
    "receivedKBytesPerSec" : 46.68767385999045,
    "sentKBytesPerSec" : 0.655474829766537
  }
}