{
  "home_page" : {
    "transaction" : "home_page",
    "sampleCount" : 159,
    "errorCount" : 0,
    "errorPct" : 0.0,
    "meanResTime" : 354.68553459119516,
    "medianResTime" : 306.0,
    "minResTime" : 304.0,
    "maxResTime" : 993.0,
    "pct1ResTime" : 478.0,
    "pct2ResTime" : 482.0,
    "pct3ResTime" : 691.8000000000029,
    "throughput" : 5.3400503778337525,
    "receivedKBytesPerSec" : 42.717483994542405,
    "sentKBytesPerSec" : 0.5997126889168766
  },
  "Total" : {
    "transaction" : "Total",
    "sampleCount" : 159,
    "errorCount" : 0,
    "errorPct" : 0.0,
    "meanResTime" : 354.68553459119516,
    "medianResTime" : 306.0,
    "minResTime" : 304.0,
    "maxResTime" : 993.0,
    "pct1ResTime" : 478.0,
    "pct2ResTime" : 482.0,
    "pct3ResTime" : 691.8000000000029,
    "throughput" : 5.3400503778337525,
    "receivedKBytesPerSec" : 42.717483994542405,
    "sentKBytesPerSec" : 0.5997126889168766
  }
}